<component name="libraryTable">
  <library name="Gradle: androidx.core:core:1.0.2@aar">
    <ANNOTATIONS>
      <root url="jar://$USER_HOME$/.gradle/caches/transforms-2/files-2.1/4c11edde0e8743f1e03fb17544729eec/core-1.0.2/annotations.zip!/" />
    </ANNOTATIONS>
    <CLASSES>
      <root url="jar://$USER_HOME$/.gradle/caches/transforms-2/files-2.1/4c11edde0e8743f1e03fb17544729eec/core-1.0.2/jars/classes.jar!/" />
      <root url="file://$USER_HOME$/.gradle/caches/transforms-2/files-2.1/4c11edde0e8743f1e03fb17544729eec/core-1.0.2/res" />
    </CLASSES>
    <JAVADOC />
    <SOURCES>
      <root url="jar://$USER_HOME$/.gradle/caches/modules-2/files-2.1/androidx.core/core/1.0.2/a317d05e14539220c62c022367178c33192d027e/core-1.0.2-sources.jar!/" />
    </SOURCES>
  </library>
</component>