<component name="libraryTable">
  <library name="Gradle: org.jetbrains.kotlin:kotlin-stdlib-common:1.3.41@jar">
    <CLASSES>
      <root url="jar://$USER_HOME$/.gradle/caches/modules-2/files-2.1/org.jetbrains.kotlin/kotlin-stdlib-common/1.3.41/2ecf4aa059427d7186312fd1736afedf7972e7f7/kotlin-stdlib-common-1.3.41.jar!/" />
    </CLASSES>
    <JAVADOC>
      <root url="jar://$USER_HOME$/.gradle/caches/modules-2/files-2.1/org.jetbrains.kotlin/kotlin-stdlib-common/1.3.41/7d7bf4cceb40b2b28c6bf3fa06d215afda91c0f7/kotlin-stdlib-common-1.3.41-javadoc.jar!/" />
    </JAVADOC>
    <SOURCES>
      <root url="jar://$USER_HOME$/.gradle/caches/modules-2/files-2.1/org.jetbrains.kotlin/kotlin-stdlib-common/1.3.41/8f361846168f853fb213b0ab02d193f02644548/kotlin-stdlib-common-1.3.41-sources.jar!/" />
    </SOURCES>
  </library>
</component>