<component name="libraryTable">
  <library name="Gradle: androidx.fragment:fragment:1.0.0@aar">
    <ANNOTATIONS>
      <root url="jar://$USER_HOME$/.gradle/caches/transforms-2/files-2.1/5036e040bfb2ed21141db5907dc80a84/fragment-1.0.0/annotations.zip!/" />
    </ANNOTATIONS>
    <CLASSES>
      <root url="jar://$USER_HOME$/.gradle/caches/transforms-2/files-2.1/5036e040bfb2ed21141db5907dc80a84/fragment-1.0.0/jars/classes.jar!/" />
      <root url="file://$USER_HOME$/.gradle/caches/transforms-2/files-2.1/5036e040bfb2ed21141db5907dc80a84/fragment-1.0.0/res" />
    </CLASSES>
    <JAVADOC />
    <SOURCES>
      <root url="jar://$USER_HOME$/.gradle/caches/modules-2/files-2.1/androidx.fragment/fragment/1.0.0/bcd167792ec03e930d5c8345c99ae07b2627de84/fragment-1.0.0-sources.jar!/" />
    </SOURCES>
  </library>
</component>