<component name="libraryTable">
  <library name="Gradle: androidx.arch.core:core-common:2.0.0@jar">
    <CLASSES>
      <root url="jar://$USER_HOME$/.gradle/caches/modules-2/files-2.1/androidx.arch.core/core-common/2.0.0/bb21b9a11761451b51624ac428d1f1bb5deeac38/core-common-2.0.0.jar!/" />
    </CLASSES>
    <JAVADOC />
    <SOURCES>
      <root url="jar://$USER_HOME$/.gradle/caches/modules-2/files-2.1/androidx.arch.core/core-common/2.0.0/645b95386a07be66eef0bfe7007535e3f95ec642/core-common-2.0.0-sources.jar!/" />
    </SOURCES>
  </library>
</component>