<component name="libraryTable">
  <library name="Gradle: androidx.annotation:annotation:1.0.2@jar">
    <CLASSES>
      <root url="jar://$USER_HOME$/.gradle/caches/modules-2/files-2.1/androidx.annotation/annotation/1.0.2/2f1d597d48e5309e935ce1212eedf5ae69d3f97/annotation-1.0.2.jar!/" />
    </CLASSES>
    <JAVADOC>
      <root url="jar://$USER_HOME$/.gradle/caches/modules-2/files-2.1/androidx.annotation/annotation/1.0.2/b084a63174aa0fc1ee26d73e97b72fda3fe87c40/annotation-1.0.2-javadoc.jar!/" />
    </JAVADOC>
    <SOURCES>
      <root url="jar://$USER_HOME$/.gradle/caches/modules-2/files-2.1/androidx.annotation/annotation/1.0.2/7cb4c8206e69c65044fe3159426c3e4744113d22/annotation-1.0.2-sources.jar!/" />
    </SOURCES>
  </library>
</component>