<component name="libraryTable">
  <library name="Gradle: androidx.lifecycle:lifecycle-common:2.0.0@jar">
    <CLASSES>
      <root url="jar://$USER_HOME$/.gradle/caches/modules-2/files-2.1/androidx.lifecycle/lifecycle-common/2.0.0/e070ffae07452331bc5684734fce6831d531785c/lifecycle-common-2.0.0.jar!/" />
    </CLASSES>
    <JAVADOC />
    <SOURCES>
      <root url="jar://$USER_HOME$/.gradle/caches/modules-2/files-2.1/androidx.lifecycle/lifecycle-common/2.0.0/cb4562c8927ab69f2a8ef49267b90753207df0c3/lifecycle-common-2.0.0-sources.jar!/" />
    </SOURCES>
  </library>
</component>