<?xml version="1.0" encoding="UTF-8"?>
<project version="4">
  <component name="AndroidLayouts">
    <shared>
      <config />
    </shared>
  </component>
  <component name="ChangeListManager">
    <list default="true" id="57eae9b8-da09-4a2f-8751-8b2f36b5ee1b" name="Default Changelist" comment="" />
    <option name="EXCLUDED_CONVERTED_TO_IGNORED" value="true" />
    <option name="SHOW_DIALOG" value="false" />
    <option name="HIGHLIGHT_CONFLICTS" value="true" />
    <option name="HIGHLIGHT_NON_ACTIVE_CHANGELIST" value="false" />
    <option name="LAST_RESOLUTION" value="IGNORE" />
  </component>
  <component name="DefaultGradleProjectSettings">
    <option name="isMigrated" value="true" />
  </component>
  <component name="ExternalProjectsData">
    <projectState path="$PROJECT_DIR$">
      <ProjectState />
    </projectState>
  </component>
  <component name="ExternalProjectsManager">
    <system id="GRADLE">
      <state>
        <projects_view>
          <tree_state>
            <expand>
              <path>
                <item name="" type="6a2764b6:ExternalProjectsStructure$RootNode" />
                <item name="TUGAS PERDANA" type="f1a62948:ProjectNode" />
              </path>
            </expand>
            <select />
          </tree_state>
        </projects_view>
      </state>
    </system>
  </component>
  <component name="FileEditorManager">
    <leaf SIDE_TABS_SIZE_LIMIT_KEY="300">
      <file pinned="false" current-in-tab="true">
        <entry file="file://$PROJECT_DIR$/app/src/main/res/layout/activity_main.xml">
          <provider selected="true" editor-type-id="android-designer2" />
          <provider editor-type-id="text-editor">
            <state relative-caret-position="17">
              <caret line="1" column="13" selection-start-line="1" selection-start-column="13" selection-end-line="1" selection-end-column="13" />
            </state>
          </provider>
        </entry>
      </file>
      <file pinned="false" current-in-tab="false">
        <entry file="file://$PROJECT_DIR$/app/src/main/java/com/example/tugasperdana/MainActivity.kt">
          <provider selected="true" editor-type-id="text-editor" />
        </entry>
      </file>
    </leaf>
  </component>
  <component name="IdeDocumentHistory">
    <option name="CHANGED_PATHS">
      <list>
        <option value="$PROJECT_DIR$/app/src/main/res/layout/activity_main.xml" />
      </list>
    </option>
  </component>
  <component name="ProjectFrameBounds" extendedState="6">
    <option name="x" value="10" />
    <option name="y" value="20" />
    <option name="width" value="1346" />
    <option name="height" value="688" />
  </component>
  <component name="ProjectView">
    <navigator proportions="" version="1">
      <foldersAlwaysOnTop value="true" />
    </navigator>
    <panes>
      <pane id="Scope" />
      <pane id="AndroidView" />
      <pane id="ProjectPane" />
      <pane id="PackagesPane" />
    </panes>
  </component>
  <component name="PropertiesComponent">
    <property name="android.sdk.path" value="$USER_HOME$/AppData/Local/Android/Sdk" />
    <property name="last_opened_file_path" value="$PROJECT_DIR$" />
    <property name="not.eligible.for.single.variant.sync" value="true" />
    <property name="settings.editor.selected.configurable" value="AndroidSdkUpdater" />
  </component>
  <component name="RecentsManager">
    <key name="android.template.packageName">
      <recent name="com.example.tugasperdana" />
    </key>
  </component>
  <component name="RunDashboard">
    <option name="ruleStates">
      <list>
        <RuleState>
          <option name="name" value="ConfigurationTypeDashboardGroupingRule" />
        </RuleState>
        <RuleState>
          <option name="name" value="StatusDashboardGroupingRule" />
        </RuleState>
      </list>
    </option>
  </component>
  <component name="RunManager">
    <configuration default="true" type="AndroidJUnit" factoryName="Android JUnit">
      <option name="TEST_OBJECT" value="class" />
      <option name="WORKING_DIRECTORY" value="$MODULE_DIR$" />
      <method v="2">
        <option name="Android.Gradle.BeforeRunTask" enabled="true" />
      </method>
    </configuration>
    <configuration name="app" type="AndroidRunConfigurationType" factoryName="Android App">
      <module name="app" />
      <option name="DEPLOY" value="true" />
      <option name="DEPLOY_APK_FROM_BUNDLE" value="false" />
      <option name="DEPLOY_AS_INSTANT" value="false" />
      <option name="ARTIFACT_NAME" value="" />
      <option name="PM_INSTALL_OPTIONS" value="" />
      <option name="DYNAMIC_FEATURES_DISABLED_LIST" value="" />
      <option name="ACTIVITY_EXTRA_FLAGS" value="" />
      <option name="MODE" value="default_activity" />
      <option name="CLEAR_LOGCAT" value="false" />
      <option name="SHOW_LOGCAT_AUTOMATICALLY" value="false" />
      <option name="SKIP_NOOP_APK_INSTALLATIONS" value="true" />
      <option name="FORCE_STOP_RUNNING_APP" value="true" />
      <option name="TARGET_SELECTION_MODE" value="DEVICE_AND_SNAPSHOT_COMBO_BOX" />
      <option name="USE_LAST_SELECTED_DEVICE" value="false" />
      <option name="PREFERRED_AVD" value="" />
      <option name="SELECTED_CLOUD_MATRIX_CONFIGURATION_ID" value="-1" />
      <option name="SELECTED_CLOUD_MATRIX_PROJECT_ID" value="" />
      <option name="DEBUGGER_TYPE" value="Auto" />
      <Auto>
        <option name="USE_JAVA_AWARE_DEBUGGER" value="false" />
        <option name="SHOW_STATIC_VARS" value="true" />
        <option name="WORKING_DIR" value="" />
        <option name="TARGET_LOGGING_CHANNELS" value="lldb process:gdb-remote packets" />
        <option name="SHOW_OPTIMIZED_WARNING" value="true" />
      </Auto>
      <Hybrid>
        <option name="USE_JAVA_AWARE_DEBUGGER" value="false" />
        <option name="SHOW_STATIC_VARS" value="true" />
        <option name="WORKING_DIR" value="" />
        <option name="TARGET_LOGGING_CHANNELS" value="lldb process:gdb-remote packets" />
        <option name="SHOW_OPTIMIZED_WARNING" value="true" />
      </Hybrid>
      <Java />
      <Native>
        <option name="USE_JAVA_AWARE_DEBUGGER" value="false" />
        <option name="SHOW_STATIC_VARS" value="true" />
        <option name="WORKING_DIR" value="" />
        <option name="TARGET_LOGGING_CHANNELS" value="lldb process:gdb-remote packets" />
        <option name="SHOW_OPTIMIZED_WARNING" value="true" />
      </Native>
      <Profilers>
        <option name="ADVANCED_PROFILING_ENABLED" value="false" />
        <option name="STARTUP_CPU_PROFILING_ENABLED" value="false" />
        <option name="STARTUP_CPU_PROFILING_CONFIGURATION_NAME" value="Sample Java Methods" />
      </Profilers>
      <option name="DEEP_LINK" value="" />
      <option name="ACTIVITY_CLASS" value="" />
      <method v="2">
        <option name="Android.Gradle.BeforeRunTask" enabled="true" />
      </method>
    </configuration>
  </component>
  <component name="SvnConfiguration">
    <configuration />
  </component>
  <component name="TaskManager">
    <task active="true" id="Default" summary="Default task">
      <changelist id="57eae9b8-da09-4a2f-8751-8b2f36b5ee1b" name="Default Changelist" comment="" />
      <created>1569053345178</created>
      <option name="number" value="Default" />
      <option name="presentableId" value="Default" />
      <updated>1569053345178</updated>
    </task>
    <servers />
  </component>
  <component name="ToolWindowManager">
    <frame x="-8" y="-8" width="1382" height="744" extended-state="6" />
    <layout>
      <window_info id="Captures" order="0" side_tool="true" weight="0.25" />
      <window_info x="465" y="110" width="436" height="507" id="Palette " order="1" type="FLOATING" weight="0.32980332" />
      <window_info content_ui="combo" id="Project" order="2" visible="true" weight="0.17397882" />
      <window_info id="Structure" order="3" side_tool="true" />
      <window_info id="Build Variants" order="4" side_tool="true" />
      <window_info id="Image Layers" order="5" />
      <window_info id="Designer" order="6" />
      <window_info id="Resources Explorer" order="7" />
      <window_info id="Capture Tool" order="8" />
      <window_info id="Favorites" order="9" side_tool="true" />
      <window_info anchor="bottom" id="Run" order="0" />
      <window_info anchor="bottom" id="Logcat" order="1" />
      <window_info anchor="bottom" id="TODO" order="2" />
      <window_info anchor="bottom" id="Android Profiler" order="3" show_stripe_button="false" />
      <window_info anchor="bottom" id="Debug" order="4" />
      <window_info anchor="bottom" id="Terminal" order="5" />
      <window_info anchor="bottom" id="Event Log" order="6" side_tool="true" />
      <window_info anchor="bottom" id="Version Control" order="7" />
      <window_info anchor="bottom" id="Build" order="8" visible="true" weight="0.12765957" />
      <window_info anchor="right" id="Device File Explorer" order="0" side_tool="true" />
      <window_info anchor="right" id="Capture Analysis" order="1" />
      <window_info anchor="right" id="Gradle" order="2" weight="0.32980332" />
      <window_info anchor="right" id="Theme Preview" order="3" />
      <window_info anchor="right" id="Palette&#9;" order="4" />
      <window_info anchor="right" id="Preview" order="5" weight="0.32980332" />
    </layout>
  </component>
  <component name="editorHistoryManager">
    <entry file="jar://$APPLICATION_HOME_DIR$/jre/jre/lib/rt.jar!/javax/swing/SwingUtilities.class">
      <provider selected="true" editor-type-id="text-editor">
        <state relative-caret-position="12478">
          <caret line="849" column="23" selection-start-line="849" selection-start-column="23" selection-end-line="849" selection-end-column="23" />
        </state>
      </provider>
    </entry>
    <entry file="file://$PROJECT_DIR$/app/src/main/res/layout/activity_main.xml">
      <provider selected="true" editor-type-id="android-designer2" />
      <provider editor-type-id="text-editor">
        <state relative-caret-position="17">
          <caret line="1" column="13" selection-start-line="1" selection-start-column="13" selection-end-line="1" selection-end-column="13" />
        </state>
      </provider>
    </entry>
    <entry file="file://$PROJECT_DIR$/app/src/main/java/com/example/tugasperdana/MainActivity.kt">
      <provider selected="true" editor-type-id="text-editor" />
    </entry>
  </component>
</project>